-7.984980066691568013e+00,7.946135231038651270e+00,2.788213966829645329e+01
-1.980712083810453272e+00,7.773480857963471102e+00,2.292364467404722106e+01
1.690739597845394071e+00,7.823942272176722668e+00,2.019908811195606191e+01
4.170084877281251323e+00,8.755294879390969953e+00,1.888702712601580913e+01
6.236737425170790772e+00,1.049666237623122456e+01,1.885918325661893746e+01
8.288656595675920613e+00,1.268628751725804094e+01,2.035706303980254361e+01
1.035993291824151008e+01,1.455599114466542687e+01,2.362471483433110109e+01
1.208435743466769097e+01,1.489796688814950976e+01,2.828407671491569175e+01
1.279840187711832833e+01,1.279798939123421064e+01,3.274504775281103264e+01
1.203152962714175089e+01,8.892586862916195045e+00,3.493506795602227299e+01
1.004051440276919571e+01,5.098250199269676486e+00,3.421661340061157830e+01
7.638269062442264890e+00,2.717744072102274977e+00,3.165988000875392672e+01
5.546776810872122709e+00,1.755357698764061780e+00,2.853518210530619825e+01
4.080051473385848837e+00,1.683202656951985565e+00,2.549926161948506120e+01
3.244328187957533416e+00,2.075561326804116202e+00,2.275962258110740422e+01
2.931274136802974883e+00,2.742344340813258174e+00,2.036460881568983083e+01
3.039495954036695924e+00,3.666311343477429485e+00,1.834252444403544047e+01
3.521687754185896413e+00,4.930580631860081553e+00,1.675618922349546835e+01
4.391658899300986185e+00,6.669602310099189246e+00,1.574614623922582446e+01
5.710189409424696549e+00,9.012262421596810569e+00,1.559358901320636193e+01
7.541453607326045194e+00,1.194552699100162485e+01,1.679263496804931677e+01
9.840855944756928153e+00,1.500104899759164390e+01,2.000909507465259551e+01
1.223570870345436745e+01,1.684034366858948317e+01,2.555817018040291089e+01
1.383860330837053709e+01,1.557344716149037112e+01,3.215984721330089258e+01
1.361715730820199077e+01,1.087696855627851100e+01,3.662083081951826813e+01
1.142782542569526427e+01,5.347018120379440909e+00,3.681947382406753633e+01
8.299458592366452336e+00,1.634407309700269595e+00,3.393957939211262698e+01
5.406550503673223318e+00,6.314124772107143624e-02,3.014979061304348562e+01
3.298996356686481057e+00,-2.498387534901085061e-01,2.654727765540571127e+01
1.988459190840790702e+00,-6.259118831703387731e-02,2.336953650617161315e+01
1.277796974076696346e+00,2.600258804313701488e-01,2.058679564847930976e+01
9.638477102380355044e-01,6.089423612937665542e-01,1.814101803174805383e+01
9.064504824900424529e-01,9.943545398826550974e-01,1.599023755581012018e+01
1.033857409709985076e+00,1.477425489023137750e+00,1.410849602862888297e+01
1.330975764605071276e+00,2.150338025509705542e+00,1.248648372442135290e+01
1.830342913119753501e+00,3.142223217785616640e+00,1.114223941569859733e+01
2.611500894646189508e+00,4.636720772242693300e+00,1.015020654039659576e+01
3.807088959985567733e+00,6.885131822357930531e+00,9.708100063829943949e+00
5.603604846115208815e+00,1.016781203995693517e+01,1.027592434865804449e+01
8.193488871017565955e+00,1.455296341465799870e+01,1.279588264006119758e+01
1.155851314247926176e+01,1.913061040394913448e+01,1.871367107629556159e+01
1.493096800555716364e+01,2.084273520144549252e+01,2.858685738057350889e+01
1.639601889254114298e+01,1.596224310744593389e+01,3.856952332952559459e+01
1.434933859148271651e+01,6.580737834233207018e+00,4.190985806858861906e+01
9.814814015681884385e+00,-5.816730494925664852e-01,3.847161637910200227e+01
5.179809445581056160e+00,-3.521044986080881234e+00,3.320750843571694588e+01
1.724328557394530392e+00,-4.153181342496510275e+00,2.870812407854118220e+01
-5.032072469066470877e-01,-4.169798956164280312e+00,2.520853249747941760e+01
-1.909256541724202227e+00,-4.317975487050634165e+00,2.244541615136792245e+01
-2.914774811202895499e+00,-4.853245436383229361e+00,2.025898906541414846e+01
-3.838307873456475949e+00,-5.867475777745077004e+00,1.863383114861268908e+01
-4.903650868081542491e+00,-7.415936715055551076e+00,1.767985880835576040e+01
-6.264701385484690022e+00,-9.514049013956720202e+00,1.764754365973566763e+01
-7.996033619766406808e+00,-1.201566138272783846e+01,1.894051636401669469e+01
-1.001474469545938817e+01,-1.436700730690626671e+01,2.198987286879328806e+01
-1.193808753260028510e+01,-1.541732967179052416e+01,2.674769581587366574e+01
-1.303988549355667637e+01,-1.392646545947573422e+01,3.189481248478555742e+01
-1.263457914003253890e+01,-1.004178964611021918e+01,3.508013711695978287e+01
-1.075318969056108642e+01,-5.725876933389728585e+00,3.503055639313696190e+01
-8.196462216728900074e+00,-2.768347609100728413e+00,3.262942771649436224e+01
-5.831107320617835654e+00,-1.437390671742518444e+00,2.938841143437822012e+01
-4.093253995425354397e+00,-1.169321814883676591e+00,2.617282518361172805e+01
-3.030880651083093458e+00,-1.429363999996831724e+00,2.325610809793202449e+01
-2.525493260997282441e+00,-1.948264147599286122e+00,2.068297943959439067e+01
-2.446711026193398641e+00,-2.662877824677970739e+00,1.845517234993457123e+01
-2.715995165352822482e+00,-3.629128978326892963e+00,1.659174149855342506e+01
-3.320685787912520226e+00,-4.971782033573462378e+00,1.515946630597656863e+01
-4.309252902294963938e+00,-6.856293273862583249e+00,1.431762965532707454e+01
-5.774872719737539128e+00,-9.437191263891186566e+00,1.439599433813818408e+01
-7.806589519153559920e+00,-1.269439626999555415e+01,1.598944319551021032e+01
-1.035152956113521761e+01,-1.602943793196272892e+01,1.990316936680686410e+01
-1.293684900795118686e+01,-1.774406387123512019e+01,2.643755217112896005e+01
-1.446335562603080227e+01,-1.562007817643855745e+01,3.376382110463296726e+01
-1.378833369215140792e+01,-9.815023409174445490e+00,3.795426255516600378e+01
-1.101490413047638306e+01,-3.837926699049223789e+00,3.721250519939019341e+01
-7.500745937983073652e+00,-3.182683331714307173e-01,3.360900349009021681e+01
-4.474498548487847671e+00,9.633301113513884628e-01,2.952496458129805035e+01
-2.363133741748338679e+00,1.149113693570138706e+00,2.586125394979792702e+01
-1.060887759713528444e+00,1.013492612956539807e+00,2.270397368768081492e+01
-3.048082776199135258e-01,8.917324559579465904e-01,1.996508736775991366e+01
1.426951129834661269e-01,8.905879032139034646e-01,1.756825523892087304e+01
4.504520306649420491e-01,1.037969039592721021e+00,1.546439914397799420e+01
7.313825785681868918e-01,1.355746373623844869e+00,1.362254649842600962e+01
1.068666413970876805e+00,1.891968896616823992e+00,1.202711910296120124e+01
1.540771651101922046e+00,2.739235133800948852e+00,1.068511587818193043e+01
2.243594583389930452e+00,4.052275485333070471e+00,9.648529048998106816e+00
3.310923308139736676e+00,6.064265347289895303e+00,9.068270922776093812e+00
4.928953488263993599e+00,9.073098725595080793e+00,9.313189100202601267e+00
7.316869490614622329e+00,1.328418579765191332e+01,1.118909454903308287e+01
1.057721886834532832e+01,1.820602775379139260e+01,1.612150815999638453e+01
1.422756391255284036e+01,2.136224580879445156e+01,2.535326121125020293e+01
1.656449366177224647e+01,1.838892416514543982e+01,3.653153812028507730e+01
1.547276741015453361e+01,9.130122874355873108e+00,4.237112428905331996e+01
1.119517950786216431e+01,5.214213539881503712e-01,4.014992391800054605e+01
6.206797628791953514e+00,-3.513121544362594051e+00,3.476846694799498749e+01
2.270347644409911325e+00,-4.535575673971824706e+00,2.991613336394717848e+01
-3.238743920349568817e-01,-4.602215127291300334e+00,2.619710537165097719e+01
-1.951902854626690109e+00,-4.699398148772639061e+00,2.333105191961718106e+01
-3.071856212777708706e+00,-5.167838732025246351e+00,2.110318250479492264e+01
-4.041111035372801474e+00,-6.113298157608817895e+00,1.946825870939163750e+01
-5.106106901137763998e+00,-7.575520539491344074e+00,1.851920499416825905e+01
-6.426017586595641262e+00,-9.541782995880000229e+00,1.848294264122528574e+01
-8.067987478379691879e+00,-1.184104928438561011e+01,1.971232314429130383e+01
-9.942146310806972309e+00,-1.393860307463949511e+01,2.254947682207220438e+01
-1.168944137525406823e+01,-1.481389749388666033e+01,2.687474456657711031e+01
-1.266924771684527506e+01,-1.343929961991581656e+01,3.148294739725169578e+01
-1.230079322176432477e+01,-9.981069392695530951e+00,3.435790833903256924e+01
-1.061616979483633116e+01,-6.098777957596555943e+00,3.439136255265436404e+01
-8.302313004301611343e+00,-3.351048329761195266e+00,3.226735648077258389e+01
-6.127550066843511445e+00,-2.055053686625993414e+00,2.927897376094270143e+01
-4.508718372546344888e+00,-1.775784077252651638e+00,2.623843632268066273e+01
-3.520487803455151887e+00,-2.052409777711277084e+00,2.344714226506347288e+01
-3.077944336061942288e+00,-2.640940575314927319e+00,2.098515079527027893e+01
-3.076694246356407980e+00,-3.485251835293977418e+00,1.888450568469921720e+01
-3.456020872014564205e+00,-4.644157040846190299e+00,1.719854130616023014e+01
-4.214358712381686800e+00,-6.238211606054664848e+00,1.604472147302165652e+01
-5.400545715089100085e+00,-8.398797972665619227e+00,1.566062808455103195e+01
-7.080032167965081058e+00,-1.116028797432923270e+01,1.647489929472875758e+01
-9.245678667817362140e+00,-1.420326589439869736e+01,1.911068085166368391e+01
-1.162964013786329609e+01,-1.644885355961872264e+01,2.403016085900927479e+01
-1.348683227231706461e+01,-1.608291445265764708e+01,3.046831342006573706e+01
-1.377297701269849561e+01,-1.219368334895480288e+01,3.564750569711041805e+01
-1.205446967392291313e+01,-6.694238833595352212e+00,3.690721149266384771e+01
-9.102341189650577036e+00,-2.480315023478749659e+00,3.464894748496521260e+01
-6.124473837089326800e+00,-4.428950377348236933e-01,3.100436109960750386e+01
-3.831601876580368771e+00,1.220081064784496183e-01,2.735155095768585554e+01
-2.344546630440306867e+00,3.448807017378857642e-02,2.408677534718548685e+01
-1.502515141051162573e+00,-2.573585203850629610e-01,2.122291566459211154e+01
-1.100294325769513915e+00,-5.954712864605017364e-01,1.870631064584924985e+01
-9.838182012471062832e-01,-9.675527160945289751e-01,1.649281491345460893e+01
-1.067067179568881086e+00,-1.424558068945089184e+00,1.455399906795551601e+01
-1.323033882052734977e+00,-2.051462816352468632e+00,1.287733591669013045e+01
-1.773820615303189463e+00,-2.968194906351605322e+00,1.147468767364176223e+01
-2.488161972544939982e+00,-4.344949288025263812e+00,1.040676665227455366e+01
-3.586220363506656739e+00,-6.417170208905665696e+00,9.840073775809315748e+00
-5.242488802617204513e+00,-9.462481045643077238e+00,1.016739293606604910e+01
-7.652507590599497256e+00,-1.361803716054376245e+01,1.221227477669179429e+01
-1.086332618499115377e+01,-1.825084495531753603e+01,1.733341409223749352e+01
-1.430592397196641485e+01,-2.079782188027920853e+01,2.645196462962775286e+01
-1.628296842874969741e+01,-1.734168062082835959e+01,3.681968884900665984e+01
-1.494880485704062956e+01,-8.446959298283790218e+00,4.170658852769036429e+01
-1.076647862659854660e+01,-5.773087535840472073e-01,3.928059298013440070e+01
-6.052251094804419473e+00,3.075903995345796282e+00,3.411928381988617787e+01
-2.360380777084960968e+00,4.022867061731894012e+00,2.943289549443952069e+01
7.719673555795263098e-02,4.109285918925538184e+00,2.575685130599208961e+01
1.617577263935418674e+00,4.231249164018933584e+00,2.286155455724916052e+01
2.689473577050833786e+00,4.710059964194188709e+00,2.056460792577722074e+01
3.630840312663165648e+00,5.658948515235993071e+00,1.882875460691551694e+01
4.682110278068774001e+00,7.140914977694241550e+00,1.774477070138830470e+01
6.011191990348816461e+00,9.185497286965725650e+00,1.754353740019263697e+01
7.711109799231505413e+00,1.168489057153648858e+01,1.861655833174187080e+01
9.731859451164316610e+00,1.415668095719190056e+01,2.142482520154538506e+01
1.173836312228569412e+01,1.550722299531668114e+01,2.604972675241991809e+01
1.302850332603274275e+01,1.439534313817633659e+01,3.136428067625345761e+01
1.285044457386178962e+01,1.068325151314603616e+01,3.500447702608051515e+01
1.110709527844440458e+01,6.216511509004789104e+00,3.537913318440133281e+01
8.547007867262415459e+00,2.991019193207510973e+00,3.315970703264115116e+01
6.090749970889987708e+00,1.468553221723231994e+00,2.992364349934943135e+01
4.245928599502107659e+00,1.112104624067870251e+00,2.665326639446667301e+01
3.097312950410261667e+00,1.343799838984684136e+00,2.367498800821109839e+01
2.532834594806802286e+00,1.855795505340509077e+00,2.104477464312239476e+01
2.415217462401404003e+00,2.564061444595151951e+00,1.876325156288229934e+01
2.656325662677260446e+00,3.515134728617281823e+00,1.684581763613234173e+01
3.235186737478109809e+00,4.829633731125534624e+00,1.535362086977644225e+01
4.194162260107642481e+00,6.672034654900301121e+00,1.443619212139243402e+01
5.623433904786065973e+00,9.202848425950556077e+00,1.440685732455383139e+01
7.615930945225502846e+00,1.242797969100485211e+01,1.583969449610837366e+01
1.013868301577505449e+01,1.581507126333838009e+01,1.954088095596898711e+01
1.276280036155693054e+01,1.775267006686513227e+01,2.590758579744035472e+01
1.442809751669419782e+01,1.597030573579656476e+01,3.332374742284215330e+01
1.394267086501909603e+01,1.033082391855766069e+01,3.789115162526769609e+01
1.128499631297555794e+01,4.218769521357836005e+00,3.748372644469991144e+01
7.768907044439641751e+00,4.921973447224780585e-01,3.398817308360348477e+01
4.680224492822826043e+00,-9.045474728850672053e-01,2.988569618668673655e+01
2.505905565478419028e+00,-1.116600221916580926e+00,2.617815816630956860e+01
1.165434755158256230e+00,-9.592584369052333804e-01,2.298141740707523084e+01
3.990930067962392136e-01,-7.917851225731139531e-01,2.020869007606702183e+01
-3.385839706592497222e-02,-7.268143279082841524e-01,1.778057310686178383e+01
-3.039204305438326092e-01,-7.866542772250918469e-01,1.564504406477025711e+01
-5.212377509643549844e-01,-9.794421190569992941e-01,1.376707093662573556e+01
-7.604085506646207637e-01,-1.331042909725968171e+00,1.212305236114125861e+01
-1.083990101778649739e+00,-1.900568378987703921e+00,1.070239694603083613e+01
-1.562395438757179233e+00,-2.794503843543977073e+00,9.517416836194321661e+00
-2.292475755095959578e+00,-4.185345313511567689e+00,8.629156306287553591e+00
-3.416490119923879298e+00,-6.329863252658943118e+00,8.209013464873690324e+00
-5.135478861618530289e+00,-9.550749110192455760e+00,8.675654361757986877e+00
-7.682284279999143095e+00,-1.404342097560499703e+01,1.094471053177720599e+01
-1.113743134933391943e+01,-1.914599972319243548e+01,1.660203055887940238e+01
-1.487541451151834693e+01,-2.188774189566464301e+01,2.679904530872013524e+01
-1.692339369963895379e+01,-1.764361693584733715e+01,3.823826889167689558e+01
-1.519165740814636401e+01,-7.479252154419025800e+00,4.298408498382272569e+01
-1.042974373600307914e+01,8.371060371906026143e-01,3.969208455869677721e+01
-5.336919535761381006e+00,4.315303412354934309e+00,3.406086455511945132e+01
-1.488313090179782305e+00,5.080352245974566472e+00,2.934793448724837006e+01
1.008035950917762769e+00,5.132320958481156659e+00,2.584041284886799161e+01
2.596591613802277987e+00,5.332673486650199024e+00,2.319947175426154118e+01
3.742834683982594779e+00,5.955843954393808204e+00,2.123046341120656777e+01
4.791211550406020869e+00,7.071967200799897491e+00,1.992399909893309129e+01
5.965922030226576744e+00,8.675479847063412464e+00,1.941399710336947138e+01
7.386351895009957147e+00,1.065904676546963437e+01,1.995457463050312441e+01
9.043793858876211900e+00,1.268109329702697252e+01,2.184550733481548690e+01
1.072910421391459401e+01,1.402246687798727542e+01,2.516772294063217785e+01
1.198056612978033897e+01,1.374037582351719067e+01,2.929527817819203861e+01
1.223499975071675827e+01,1.144357817296196522e+01,3.271285380839620416e+01
1.125030499986450749e+01,8.025048111578968246e+00,3.396232586806508635e+01
9.384788732261190702e+00,5.004043738397288443e+00,3.290606830802769167e+01
7.322518252779015135e+00,3.203322481725034532e+00,3.049577430934321498e+01
5.601692113213639246e+00,2.539014799018525004e+00,2.767763028886934151e+01
4.442878260274804703e+00,2.614864451872414897e+00,2.494707707228020865e+01
3.846954572672030892e+00,3.132364466586528451e+00,2.249242101866225241e+01
3.738595455640278065e+00,3.971480798463524753e+00,2.039394280897613854e+01
4.054298270513304381e+00,5.143280604454864680e+00,1.873001589613672024e+01
4.774598285102763739e+00,6.727212274538538317e+00,1.763442155091948393e+01
5.919850787985212470e+00,8.801767447345971718e+00,1.734794643232592293e+01
7.512803485721697427e+00,1.132339136672616675e+01,1.826138188748360847e+01
9.488395986337351928e+00,1.389600261958568161e+01,2.085926846589995876e+01
1.153598052927142170e+01,1.550699367039388044e+01,2.533123376190155795e+01
1.297777920831192056e+01,1.476541119168700078e+01,3.074334191960933182e+01
1.301350365793378039e+01,1.127709439395138169e+01,3.478157569215203893e+01
1.142304718243264006e+01,6.718240253136078088e+00,3.558525257450602908e+01
8.883003471801291795e+00,3.242026663370527029e+00,3.358008215743696212e+01
6.349834866071776496e+00,1.514475043572584667e+00,3.037209242052453462e+01
4.399229590578173976e+00,1.046532792854452332e+00,2.705764712577103026e+01
3.155909943693226083e+00,1.224783612388847587e+00,2.402242126255496046e+01
2.517129332662110919e+00,1.702103642486300084e+00,2.133631288183774544e+01
2.339605359521913286e+00,2.370175537275474476e+00,1.899791728502747290e+01
2.524667631502330867e+00,3.261874425165852021e+00,1.701536606038774835e+01
3.040783063422050514e+00,4.489307072074619320e+00,1.543694099626230454e+01
3.921446011644434737e+00,6.213586987348683977e+00,1.438876696640648056e+01
5.252696283680169387e+00,8.607780158147168237e+00,1.414383289131436960e+01
7.137869984102344745e+00,1.173777914540793255e+01,1.522259501738993670e+01
9.591893331652041610e+00,1.523062967390020184e+01,1.842215425443370336e+01
1.229528756136121892e+01,1.770571721531197085e+01,2.435609749579468897e+01
1.429956128885283562e+01,1.681870836142588743e+01,3.195437665251263226e+01
1.431255401578083664e+01,1.168608587885617922e+01,3.750120677985713513e+01
1.198041663911661914e+01,5.242100771018925798e+00,3.804373149520112918e+01
8.461744976391621265e+00,9.076526439038147265e-01,3.487825015734721745e+01
5.180349980447088498e+00,-8.769231071169453218e-01,3.072648251626397808e+01
2.790825167294802789e+00,-1.242628765227395293e+00,2.689345632785134654e+01
1.285019536779054228e+00,-1.125093471515843824e+00,2.359173564889530184e+01
4.090422570130108904e-01,-9.652591090052126122e-01,2.073995973551199157e+01
-9.532218603913647503e-02,-9.128706429771932251e-01,1.825025150313561895e+01
-4.183379523090591801e-01,-1.005260383695937509e+00,1.606573701063415527e+01
-6.864439513395589332e-01,-1.259056759932166258e+00,1.415065733967784567e+01
-9.877374196799932893e-01,-1.710229369798711652e+00,1.248442579147237907e+01
-1.398101785075185344e+00,-2.433934797481676959e+00,1.106522954367830103e+01
-2.003969335055113543e+00,-3.561094462861147392e+00,9.926104690244963891e+00
-2.923038016705081343e+00,-5.295951201734778735e+00,9.175110622498259261e+00
-4.321830167464783656e+00,-7.918794265792174158e+00,9.086578137601289740e+00
-6.413630630270352739e+00,-1.170012288945648748e+01,1.028351884267701521e+01
-9.371197219644134435e+00,-1.649933114870216500e+01,1.397481946686052545e+01
-1.299038171231375394e+01,-2.068636912201521483e+01,2.168344909796835651e+01
-1.602924271122651234e+01,-2.024732131968594118e+01,3.279558999729876945e+01
-1.626275134548293266e+01,-1.265227486160528692e+01,4.123749040604948135e+01
-1.287700185762795080e+01,-3.056258588765232265e+00,4.147766820414241806e+01
-7.874732907948262195e+00,2.543195514664783996e+00,3.660271664379959589e+01
-3.490073710578202704e+00,4.348867989963028258e+00,3.140638542380278153e+01
-4.533257324513579323e-01,4.614537108553863121e+00,2.732077782338383543e+01
1.469306049505579637e+00,4.674593570079458082e+00,2.419841879831853504e+01
2.741007171413339272e+00,5.033995829249464649e+00,2.177650975916957066e+01
3.759020435433590102e+00,5.852356683244384961e+00,1.996012628995837801e+01
4.805366526111492398e+00,7.184351023927808555e+00,1.880435720850584502e+01
6.066499658531151695e+00,9.034964782700880548e+00,1.850052781314068184e+01
7.639350146598363978e+00,1.128547738486120089e+01,1.937480117290077075e+01
9.483263961838947154e+00,1.350693803679229532e+01,2.179787443618070952e+01
1.131348312039997595e+01,1.478338349154890352e+01,2.581979909913085436e+01
1.254245212691782463e+01,1.399476263618925920e+01,3.052681529711779618e+01
1.252363544229088710e+01,1.092361457268224356e+01,3.397632229513955338e+01
1.110975183435438041e+01,6.969166153403948627e+00,3.468031232492435834e+01
8.872290130026065924e+00,3.883958239854915728e+00,3.294959009867807964e+01
6.617313072439582555e+00,2.281152737944532216e+00,3.007202447409171242e+01
4.858912968472177241e+00,1.824903871353990681e+00,2.700697089412594565e+01
3.738611612730883493e+00,2.022241555233528221e+00,2.415088004416662670e+01
3.194590989816364690e+00,2.576789323759832495e+00,2.161666542405337665e+01
3.120167282727410285e+00,3.396900733725968458e+00,1.944256436171691860e+01
3.443311442244956222e+00,4.522128909254050200e+00,1.767914126951590603e+01
4.150227010744877099e+00,6.063164263650392627e+00,1.643523252150649583e+01
5.279862229262351825e+00,8.148990942439958474e+00,1.593126492056259025e+01
6.893372822469511441e+00,1.082756860874344440e+01,1.656765854741601274e+01
8.993146877040219422e+00,1.383225239897161707e+01,1.894006001960234542e+01
1.134908220421442948e+01,1.619391149506589755e+01,2.354338857721832312e+01
1.328077206496145735e+01,1.617823369954041013e+01,2.980236407473840643e+01
1.376789850295750739e+01,1.269555830446938316e+01,3.517587664321498409e+01
1.227817804378869226e+01,7.322150638424627545e+00,3.688176222346248068e+01
9.452253089011906084e+00,2.954341830367675836e+00,3.495609935141022362e+01
6.481077384372257555e+00,7.291860030408451321e-01,3.142937693769017926e+01
4.138433385221823357e+00,6.537047452795177738e-02,2.778209358530989803e+01
2.601032902482769860e+00,1.375143295649713937e-01,2.449159823312309214e+01
1.733504003993156628e+00,4.671639245090982162e-01,2.159945732992389722e+01
1.337394930447783015e+00,8.796313929512231677e-01,1.905984581149202484e+01
1.259997777469590075e+00,1.362309559684041771e+00,1.683334360433261523e+01
1.418683484871328115e+00,1.978410095262408408e+00,1.489943435969116337e+01
1.795365723442151618e+00,2.835726063877871184e+00,1.326163204594368494e+01
2.428357203756734695e+00,4.086783536370565351e+00,1.196547007032345000e+01
3.410060633331533531e+00,5.938781808964909814e+00,1.114291800484762973e+01
4.886127510796053564e+00,8.640422657711550158e+00,1.110651743392661928e+01
7.031593978071108531e+00,1.235695662261224115e+01,1.251374838066425355e+01
9.931249316373895297e+00,1.671892242289134956e+01,1.649772451536830431e+01
1.322942006799927128e+01,1.987446322792173348e+01,2.411764125527738045e+01
1.562615486609201554e+01,1.833462736092281631e+01,3.394817908746491497e+01
1.529116743285650415e+01,1.103547413885765494e+01,4.038832065985391750e+01
1.195593615674706101e+01,2.918530735908387186e+00,3.982876545055283657e+01
7.484719397294618659e+00,-1.660301618104406796e+00,3.531819211184201635e+01
3.661034770646561132e+00,-3.144500430475494213e+00,3.053995705792430115e+01
1.031443495233471674e+00,-3.340631122247438078e+00,2.659762439435140635e+01
-6.160582584589142652e-01,-3.332724633341791698e+00,2.341637678789942001e+01
-1.677140714711510494e+00,-3.552452228375057697e+00,2.080360190255674979e+01
-2.494954194149475502e+00,-4.152511098133265577e+00,1.867064711204960759e+01
-3.322461780127481834e+00,-5.216040257956957582e+00,1.702983996177319881e+01
-4.349061510366095895e+00,-6.833431483329168721e+00,1.599799228997203571e+01
-5.727291251512439452e+00,-9.088380812618245486e+00,1.584039081701839002e+01
-7.563080362919311739e+00,-1.193200281320399547e+01,1.703034474446327096e+01
-9.827604456738256999e+00,-1.487922719663927928e+01,2.019597480654729438e+01
-1.216033269661722827e+01,-1.662322014612866994e+01,2.560525984160669211e+01
-1.370716095369076548e+01,-1.536826282868104698e+01,3.199369132984666209e+01
-1.348698353454812171e+01,-1.083100513547710442e+01,3.631105995586024449e+01
-1.136736394460993615e+01,-5.475809585441150595e+00,3.653508739449455334e+01
-8.328592262345042130e+00,-1.835095202965427497e+00,3.376033142139520749e+01
-5.500560632112805770e+00,-2.572050179825797755e-01,3.005398868435618809e+01
-3.425418298097506753e+00,8.226769074632697687e-02,2.649696347110639394e+01
-2.126294974131993865e+00,-8.675667470091391609e-02,2.334296764138451152e+01
-1.418829717866663342e+00,-4.060042615100821206e-01,2.057512908781350447e+01
-1.108681780619127588e+00,-7.666614804763001167e-01,1.814171503777659922e+01
-1.061249426084611924e+00,-1.179614279069425953e+00,1.600423005754630168e+01
-1.209011472074251525e+00,-1.709385285051892023e+00,1.414020608593903994e+01
-1.541466730512154104e+00,-2.454994375131790196e+00,1.254613469636704792e+01
-2.097357565320814743e+00,-3.556130259350929634e+00,1.125160671690940717e+01
-2.964630367311009707e+00,-5.209147523099789900e+00,1.035518256025680728e+01
-4.285080403263490822e+00,-7.671173531287462488e+00,1.010417856399470438e+01
-6.246588159425359166e+00,-1.118770689695653786e+01,1.105049749790060609e+01
-9.006108782281346592e+00,-1.565760570695985798e+01,1.425214594213335495e+01
-1.240750829692252388e+01,-1.973628977796406403e+01,2.107639426123417081e+01
-1.541487649030399254e+01,-1.997682427568719632e+01,3.125244257104115064e+01
-1.604115253176955491e+01,-1.366144474862748304e+01,3.980265159609765391e+01
-1.326530361357606758e+01,-4.592685072733869944e+00,4.112256052509696502e+01
-8.641597590905572446e+00,1.338276284202075672e+00,3.696239923640281688e+01
-4.340392495624661784e+00,3.515056043135474262e+00,3.187658678113128730e+01
-1.261969316481238224e+00,3.921825827606240988e+00,2.765826511729455106e+01
7.027125322347467229e-01,3.954750457824137921e+00,2.434098572733266508e+01
1.969737975562300569e+00,4.194582414180899832e+00,2.169051022315728616e+01
2.928219410699053338e+00,4.841844348700929501e+00,1.959054096069420936e+01
3.867527333252778199e+00,5.982299765026406035e+00,1.805512050613950237e+01
4.994759583865724828e+00,7.679768928486683244e+00,1.722298886115176941e+01
6.455673167989873562e+00,9.949634429992286755e+00,1.738622324314467704e+01
8.312814207743787875e+00,1.260540119775579804e+01,1.900306517353743274e+01
1.044487684745001133e+01,1.497076721633064622e+01,2.252607286430409061e+01
1.238357445461425499e+01,1.571473402832754296e+01,2.776569263530751641e+01
1.330808922748158274e+01,1.360235509137019960e+01,3.303725308780969527e+01
1.256031949536679981e+01,9.191340990438712666e+00,3.578951786964836401e+01
1.035675643132627322e+01,4.804993189706955548e+00,3.510447052744609664e+01
7.646112067608929586e+00,2.085886443523702116e+00,3.228240713980967769e+01
5.285036175801095304e+00,1.009211248748058898e+00,2.887548341808544450e+01
3.626769180364424638e+00,8.973740354231728444e-01,2.562428663493686187e+01
2.654184906457590198e+00,1.227103907855188636e+00,2.271566858277101630e+01
2.219762553571831276e+00,1.765693797469101156e+00,2.015990486065624765e+01
2.187153891481207424e+00,2.476397828595502393e+00,1.794655294434326365e+01
2.481531347168189239e+00,3.429790587908197796e+00,1.608824550038589152e+01
3.096787336087266862e+00,4.760077254455418405e+00,1.464567675795702861e+01
4.089270539115169356e+00,6.644518077682257662e+00,1.377167327713484291e+01
5.563451699677081308e+00,9.260323781311354807e+00,1.379331650634841111e+01
7.627579062592567460e+00,1.262824934700242707e+01,1.532310822799357197e+01
1.025810465194987486e+01,1.619358940043943917e+01,1.924302409781009970e+01
1.300302689654498423e+01,1.821038999040089479e+01,2.601048802329168197e+01
1.471462158211593518e+01,1.619506325227185428e+01,3.385329581406290345e+01
1.411162140324401904e+01,1.008883635310744609e+01,3.849813009828335453e+01
1.122928410036462488e+01,3.685958587350007587e+00,3.780989614040968405e+01
7.524181453317855706e+00,-5.449713875081799164e-02,3.403423623316609792e+01
4.336051222577857800e+00,-1.379457290989418716e+00,2.979917791196256616e+01
2.121236720109058727e+00,-1.556925149219836380e+00,2.605612249899926525e+01
7.559344922012495305e-01,-1.427690750175793610e+00,2.286484965417482229e+01
-4.907179574081750595e-02,-1.349988101678475827e+00,2.011529995027805739e+01
-5.531910899245193747e-01,-1.441231199570176091e+00,1.772329994798473862e+01
-9.431392569257384118e-01,-1.742825405472232525e+00,1.564167524969974110e+01
-1.349886257884759466e+00,-2.299837775575752641e+00,1.385043384190723970e+01
-1.879332085926337159e+00,-3.197406612261779912e+00,1.235992864681973202e+01
-2.641309595371743590e+00,-4.580820299649572824e+00,1.123392574497431973e+01
-3.773106330817468379e+00,-6.663817962428811192e+00,1.064646553517708760e+01
-5.450185748311865197e+00,-9.692556246368026152e+00,1.099934511686317151e+01
-7.851725510680113373e+00,-1.374518898656917187e+01,1.310774038743499759e+01
-1.098615348843448025e+01,-1.810583818437728354e+01,1.824218929653555321e+01
-1.424412990944930080e+01,-2.024163280203190496e+01,2.708289215634858493e+01
-1.598714320634918096e+01,-1.664067232847488498e+01,3.675756522935915172e+01
-1.457687051179997262e+01,-8.193200187442712945e+00,4.109358412022989882e+01
-1.055467712313530626e+01,-8.508188799763150012e-01,3.869069534145293687e+01
-6.076404971857141568e+00,2.588709872419247215e+00,3.374594905184390115e+01
-2.568656743835882494e+00,3.503274949817147377e+00,2.917621402699428756e+01
-2.493697572518743799e-01,3.584629863962230267e+00,2.551025286789716873e+01
1.210835838997827540e+00,3.675262625428363794e+00,2.256214830134619476e+01
2.213716664705117410e+00,4.086937931610199470e+00,2.016688821901844975e+01
3.080121011913230067e+00,4.937564552393981288e+00,1.828004745442498447e+01
4.044012162256794163e+00,6.307945771973085591e+00,1.696783746787378888e+01
5.281282847667671199e+00,8.275177212498343593e+00,1.642668727954939811e+01
6.919207332761369678e+00,1.083984150645715339e+01,1.703208137403446187e+01
8.986414916016641996e+00,1.370542194560468907e+01,1.933679086213125231e+01
1.126643016557008004e+01,1.592222477854637575e+01,2.377189913944470234e+01
1.311228693914740084e+01,1.586324091270803471e+01,2.974230221530157081e+01
1.357134436137915046e+01,1.254605829274312434e+01,3.485090255355898137e+01
1.215488586157017004e+01,7.442209945496591317e+00,3.651134270478316068e+01
9.460014428680869614e+00,3.242538101222956826e+00,3.471732797690962258e+01
6.605515120583908661e+00,1.056046447957779799e+00,3.133376143522124835e+01
4.337949999822059866e+00,3.838759049751186980e-01,2.777694103879901988e+01
2.845218305992849306e+00,4.584392296406164524e-01,2.453724905926149091e+01
2.012495341030200446e+00,8.219935175928101412e-01,2.167850477862995007e+01
1.658576561335112221e+00,1.307218084271230207e+00,1.916966571342959469e+01
1.644194153598345531e+00,1.909836794975524610e+00,1.698295853988504334e+01
1.899458566517624014e+00,2.707879708748131886e+00,1.511320338714163469e+01
2.421422005206526062e+00,3.831809856000571557e+00,1.359150179373648015e+01
3.267499574682667607e+00,5.461022213657214408e+00,1.251796533698118807e+01
4.550137515342607131e+00,7.814432793430665214e+00,1.213227545461733570e+01
6.418515419039682257e+00,1.106983195352487570e+01,1.294029622857629569e+01
8.977701970981208035e+00,1.505962803301061115e+01,1.584620858998211368e+01
1.204205827290159014e+01,1.855707911966345591e+01,2.190099246875990957e+01
1.469974039391346743e+01,1.874470151911327420e+01,3.070644091441340962e+01
1.531920651563294378e+01,1.350401064868514922e+01,3.822034335623234114e+01
1.303458888848356523e+01,5.703667227501998838e+00,3.984076825506159736e+01
9.027720939733598016e+00,1.818777531567672689e-01,3.649631297770659444e+01
5.141380049906590699e+00,-2.087836539617460296e+00,3.184969461169643878e+01
2.278102975676641329e+00,-2.580733848477958059e+00,2.769814018187052795e+01
4.446029935392692423e-01,-2.548362855988085318e+00,2.426274924244363262e+01
-6.845151508821331054e-01,-2.569965498017038996e+00,2.139036457153833481e+01
-1.445399250385508649e+00,-2.855704170494652416e+00,1.896185987735146838e+01
-2.096151732295223891e+00,-3.492805636877349240e+00,1.693350203350036054e+01
-2.827267000561786148e+00,-4.564617946660344927e+00,1.532885168923487740e+01
-3.796194039524973363e+00,-6.193224823901231524e+00,1.425866528436504943e+01
-5.153597994746663247e+00,-8.525351642035960964e+00,1.398250736489630874e+01
-7.036959365419566126e+00,-1.162051084777777987e+01,1.500751350104173909e+01
-9.485178243029361411e+00,-1.512540276837121667e+01,1.812655006039497607e+01
-1.220585976526846217e+01,-1.769797811772507856e+01,2.399025163662494720e+01
-1.427510834623017111e+01,-1.698170166899284084e+01,3.163062289431312379e+01
-1.438439141089780016e+01,-1.194906340417759694e+01,3.737564099610172264e+01
-1.211420832964440741e+01,-5.432433059582632673e+00,3.811363444069139916e+01
-8.588487322807456081e+00,-9.601220848674800745e-01,3.501354818023103377e+01
-5.257404849534832003e+00,9.222608140752336370e-01,3.084625979834272869e+01
-2.809526876861036193e+00,1.342994211547438477e+00,2.698434356034527326e+01
-1.250474318639080096e+00,1.265571944499167767e+00,2.366230605437765533e+01
-3.255072840531226253e-01,1.151755827569505009e+00,2.079990149690360468e+01
2.303275525597446582e-01,1.164890974352978503e+00,1.830767198848209887e+01
6.162256990495049713e-01,1.354821193495114207e+00,1.612939888987066794e+01
9.695609095500647978e-01,1.754534710987338153e+00,1.423388381418670257e+01
1.392899526974047175e+00,2.424224262371416749e+00,1.261215027001730071e+01
1.982502047355541031e+00,3.474605526603554484e+00,1.128875900736412952e+01
2.853426105456416284e+00,5.083947512925177215e+00,1.035542642167141736e+01
4.159490785074583918e+00,7.501150391055041666e+00,1.004795547660142319e+01
6.095626927915227533e+00,1.097821809864263187e+01,1.089952956468365919e+01
8.831475124064640525e+00,1.545303306245707020e+01,1.395015334194564893e+01
1.224391261819542187e+01,1.967023952708586165e+01,2.060320742594587884e+01
1.534899898563107357e+01,2.022764132390312497e+01,3.078000776983270015e+01
1.615239477054784700e+01,1.414675029946903528e+01,3.968015036784932192e+01
1.350099033084786448e+01,4.946078504576018275e+00,4.138235319575372984e+01
8.868606354956561688e+00,-1.235168202949207261e+00,3.731888670187728252e+01
4.490764014966283746e+00,-3.536379275530460387e+00,3.217988815882715414e+01
1.341952630250666134e+00,-3.959159621630174097e+00,2.790343032195743689e+01
-6.616005743684565399e-01,-3.961286342155433182e+00,2.454725246695115359e+01
-1.937162286225989405e+00,-4.152980204097135086e+00,2.186543924806823469e+01
-2.880702716004221564e+00,-4.742174047844012641e+00,1.972970427280404593e+01
-3.786587086400341917e+00,-5.813469373029549025e+00,1.814287767882336411e+01
-4.864416578629558785e+00,-7.430056574890074650e+00,1.722819904737530194e+01
-6.263150561639527325e+00,-9.618071346505356445e+00,1.725492606340823443e+01
-8.056716714475124164e+00,-1.223125484124220108e+01,1.865889713065447708e+01
-1.015530702903013704e+01,-1.467905666472124615e+01,2.191055862947602506e+01
-1.214598068034533185e+01,-1.571544229809925675e+01,2.695566642525405499e+01
-1.324539167626472924e+01,-1.401643201876311018e+01,3.233815493458855883e+01
-1.273384966194870138e+01,-9.828394848749063328e+00,3.552078815029577896e+01
-1.069156514875933084e+01,-5.332577458518372282e+00,3.526216989333771323e+01
-8.003828488758474080e+00,-2.366618629795891771e+00,3.264256783239841297e+01
-5.570887339991653420e+00,-1.093688486231207069e+00,2.926825072241207337e+01
-3.811297429637557688e+00,-8.685383805918763800e-01,2.598597650962262051e+01
-2.743940302295030165e+00,-1.133076429514359607e+00,2.303266281952307182e+01
-2.229389791964877965e+00,-1.619044529212521510e+00,2.043019230587598756e+01
-2.125412723580360375e+00,-2.266321406948442529e+00,1.816593150449897820e+01
-2.346448240161471688e+00,-3.129820218665629206e+00,1.624417120730079134e+01
-2.874507063806998275e+00,-4.331210318531526937e+00,1.470910805633785401e+01
-3.754521318554662646e+00,-6.039667029160450618e+00,1.368149547713771241e+01
-5.083942290693022059e+00,-8.443798733383699684e+00,1.342988830265734279e+01
-6.982075476727246155e+00,-1.164075455789789793e+01,1.448162484701296115e+01
-9.488744188069890839e+00,-1.530127999114131754e+01,1.768128813220302931e+01
-1.231041079678511885e+01,-1.804207910449416374e+01,2.376688448992430125e+01
-1.448082959107611067e+01,-1.733671111357085692e+01,3.178186598526394846e+01
-1.459846064499518903e+01,-1.203249808975560775e+01,3.780816307262877984e+01
-1.220811443462104506e+01,-5.187518679793145182e+00,3.850651114379548545e+01
-8.519641059984403242e+00,-5.759901383622453297e-01,3.521369542094705452e+01
-5.066783589271699917e+00,1.309204466393645738e+00,3.090892182682744860e+01
-2.548455266629020777e+00,1.714369096570633744e+00,2.699009843846910073e+01
-9.456262715267871322e-01,1.653467971443628448e+00,2.365632289828779022e+01
2.169441390041497095e-02,1.600610123921431649e+00,2.080458237880294448e+01
6.370647313679148604e-01,1.725876788264315120e+00,1.833905033520381167e+01
1.114983113205223031e+00,2.092649714527059057e+00,1.620776729231887003e+01
1.609648893312846329e+00,2.758629163030360321e+00,1.439477480022798694e+01
2.246086972631204937e+00,3.821846301085665143e+00,1.292550149346788402e+01
3.151210385789001478e+00,5.441307300440842099e+00,1.189799974306971642e+01
4.476373147960643450e+00,7.832074738126189928e+00,1.155622225167993555e+01
6.396419533175277117e+00,1.118114074662826951e+01,1.242620859443973558e+01
9.035655454929088393e+00,1.532349396403828479e+01,1.546671671811247961e+01
1.220980899482087878e+01,1.896365316260162714e+01,2.181598375839771009e+01
1.495287053819311041e+01,1.907376181944262328e+01,3.105589372617138011e+01
1.552458966799417972e+01,1.342363664620820529e+01,3.880320594386216015e+01
1.304680572937599514e+01,5.248108701845826118e+00,4.022385033009933153e+01
8.841624850440577887e+00,-3.388023315298232530e-01,3.658078410027388117e+01
4.843330546321533703e+00,-2.533293427189876379e+00,3.179272147981364327e+01
1.936529196732035718e+00,-2.975062465308975668e+00,2.762209991654492924e+01
